{
    "train": {
        "accuracy": 9.09414174995427,
        "loss": 0.9546688353180511
    },
    "val": {
        "accuracy": 9.002024694038347,
        "loss": 0.4512815731686173
    },
    "step": 9
}
