step	accuracy
0	0.6429525694649182
1	1.9092293179179882
2	2.4531909110385497
3	3.306482806727401
4	4.35655169293182
5	5.713759941544065
6	6.368661785347767
7	7.140432802306223
8	8.282620875035585
9	9.09414174995427
